data,anno,concorso,n1,n2,n3,n4,n5,n6,jolly,superstar
2020-01-02,2020,1,5,45,63,64,78,85,4,89
2020-01-04,2020,2,23,30,37,44,57,80,26,56
2020-01-07,2020,3,2,23,60,66,72,78,19,53
2020-01-09,2020,4,5,14,54,55,66,78,52,45
2020-01-11,2020,5,34,36,38,63,72,81,18,63
2020-01-14,2020,6,1,6,9,32,68,85,79,62
2020-01-16,2020,7,22,29,50,53,72,83,77,85
2020-01-18,2020,8,26,28,32,50,79,87,1,72
2020-01-21,2020,9,6,32,46,53,70,75,62,9
2020-01-23,2020,10,15,20,23,69,72,81,87,79
2020-01-25,2020,11,11,16,17,35,68,90,76,47
2020-01-28,2020,12,16,21,33,50,57,89,52,26
2020-01-30,2020,13,8,46,53,62,77,84,51,38
2020-02-01,2020,14,22,25,45,46,48,88,24,56
2020-02-04,2020,15,21,29,34,64,72,79,14,82
2020-02-06,2020,16,3,20,29,49,65,82,31,70
2020-02-08,2020,17,15,32,54,56,61,85,10,63
2020-02-11,2020,18,16,24,45,68,72,81,20,2
2020-02-13,2020,19,4,15,43,69,74,84,49,36
2020-02-15,2020,20,13,26,40,55,65,86,9,48
2020-02-18,2020,21,26,45,58,69,72,82,9,49
2020-02-20,2020,22,20,36,55,69,80,85,58,3
2020-02-22,2020,23,1,28,57,58,60,68,50,31
2020-02-25,2020,24,10,15,23,54,73,74,63,26
2020-02-27,2020,25,17,51,60,71,75,79,58,85
2020-02-29,2020,26,9,35,44,50,73,78,85,6
2020-03-03,2020,27,5,11,19,26,36,64,1,78
2020-03-05,2020,28,13,40,48,67,69,85,65,43
2020-03-07,2020,29,11,13,31,41,85,87,12,37
2020-03-10,2020,30,8,35,41,43,57,80,42,17
2020-03-12,2020,31,19,22,41,46,56,86,13,56
2020-03-14,2020,32,1,13,18,47,68,75,46,84
2020-03-17,2020,33,17,29,30,49,63,65,15,27
2020-03-19,2020,34,7,11,17,28,29,50,41,59
2020-03-21,2020,35,5,13,38,39,52,59,74,90
2020-05-05,2020,36,39,43,58,73,83,86,35,6
2020-05-07,2020,37,22,35,45,52,57,75,15,12
2020-05-09,2020,38,34,45,59,66,70,78,21,5
2020-05-12,2020,39,21,38,55,60,65,85,66,71
2020-05-14,2020,40,12,17,20,54,61,80,39,17
2020-05-16,2020,41,2,7,71,78,84,87,80,56
2020-05-19,2020,42,26,41,51,62,66,85,40,31
2020-05-21,2020,43,3,21,44,69,73,81,20,12
2020-05-23,2020,44,5,15,61,75,82,86,36,40
2020-05-26,2020,45,10,23,27,46,68,74,66,31
2020-05-28,2020,46,16,29,31,73,76,82,26,2
2020-05-30,2020,47,3,27,46,52,70,74,48,4
2020-06-01,2020,48,9,28,49,65,76,81,8,47
2020-06-04,2020,49,5,16,23,30,40,71,10,56
2020-06-06,2020,50,4,21,37,45,50,79,76,5
2020-06-09,2020,51,8,14,30,58,71,87,70,79
2020-06-11,2020,52,1,7,23,47,68,69,79,33
2020-06-13,2020,53,20,42,53,57,62,73,8,89
2020-06-16,2020,54,1,11,39,59,68,74,37,16
2020-06-18,2020,55,4,6,15,35,67,73,36,35
2020-06-20,2020,56,16,29,39,55,63,86,84,51
2020-06-23,2020,57,40,44,52,59,66,69,24,14
2020-06-25,2020,58,14,35,41,51,84,85,78,49
2020-06-27,2020,59,13,33,35,60,78,81,11,52
2020-06-30,2020,60,6,7,57,61,79,89,63,3
2020-07-02,2020,61,12,33,42,56,78,79,88,79
2020-07-04,2020,62,33,38,46,59,65,73,28,47
2020-07-07,2020,63,16,24,29,53,73,88,62,50
2020-07-09,2020,64,1,10,26,40,64,88,79,16
2020-07-11,2020,65,6,10,19,20,40,67,75,87
2020-07-14,2020,66,17,35,70,71,74,82,22,79
2020-07-16,2020,67,35,39,40,64,67,75,74,5
2020-07-18,2020,68,18,33,49,76,80,84,12,83
2020-07-21,2020,69,4,34,46,54,55,62,10,82
2020-07-23,2020,70,10,29,37,49,56,57,24,68
2020-07-25,2020,71,18,30,42,70,78,80,1,84
2020-07-28,2020,72,23,45,49,71,80,82,61,76
2020-07-30,2020,73,4,15,19,26,28,55,58,2
2020-08-01,2020,74,4,14,17,18,26,45,6,56
2020-08-04,2020,75,5,19,21,25,45,82,59,43
2020-08-06,2020,76,21,37,40,46,69,80,3,65
2020-08-08,2020,77,6,16,22,55,58,83,51,32
2020-08-11,2020,78,7,9,38,68,78,80,26,45
2020-08-13,2020,79,4,5,49,57,66,75,36,77
2020-08-17,2020,80,5,9,26,62,77,79,87,72
2020-08-18,2020,81,13,22,28,58,65,77,6,24
2020-08-20,2020,82,7,17,30,39,41,67,32,70
2020-08-22,2020,83,7,12,45,47,73,87,83,72
2020-08-25,2020,84,15,24,31,70,83,84,76,89
2020-08-27,2020,85,37,49,52,53,75,87,29,30
2020-08-29,2020,86,1,3,35,42,55,61,25,17
2020-09-01,2020,87,10,22,28,45,48,71,53,84
2020-09-03,2020,88,16,17,38,39,68,84,29,7
2020-09-05,2020,89,7,14,27,56,72,83,16,3
2020-09-08,2020,90,23,27,28,31,69,89,24,85
2020-09-10,2020,91,46,48,67,78,80,87,23,56
2020-09-12,2020,92,6,15,36,42,67,78,2,11
2020-09-15,2020,93,2,9,44,47,52,54,16,18
2020-09-17,2020,94,9,29,35,47,53,85,71,48
2020-09-19,2020,95,6,12,14,27,39,73,87,66
2020-09-22,2020,96,4,15,37,48,55,69,31,56
2020-09-24,2020,97,10,13,28,77,86,89,14,1
2020-09-26,2020,98,4,16,38,70,86,88,61,46
2020-09-29,2020,99,25,33,53,76,81,90,75,72
2020-10-01,2020,100,7,31,38,52,61,75,51,19
2020-10-03,2020,101,5,17,59,61,70,79,52,11
2020-10-06,2020,102,8,55,67,73,74,89,83,18
2020-10-08,2020,103,8,35,51,60,63,75,79,58
2020-10-10,2020,104,12,15,19,24,46,73,67,46
2020-10-13,2020,105,47,56,58,60,79,85,20,65
2020-10-15,2020,106,29,38,47,61,68,86,36,59
2020-10-17,2020,107,24,28,34,55,62,87,36,38
2020-10-20,2020,108,24,29,36,43,50,51,69,21
2020-10-22,2020,109,1,16,21,36,37,43,27,44
2020-10-24,2020,110,17,19,28,41,49,86,25,88
2020-10-27,2020,111,19,26,49,53,55,77,51,57
2020-10-29,2020,112,9,32,41,43,44,84,28,46
2020-10-31,2020,113,22,31,35,40,65,82,36,51
2020-11-03,2020,114,18,39,45,48,53,64,55,11
2020-11-05,2020,115,5,10,18,24,69,85,65,50
2020-11-07,2020,116,1,2,61,69,70,82,56,5
2020-11-10,2020,117,13,34,38,41,76,88,18,17
2020-11-12,2020,118,13,35,37,58,60,88,57,19
2020-11-14,2020,119,3,30,47,67,68,89,38,46
2020-11-17,2020,120,7,18,20,32,45,55,75,41
2020-11-19,2020,121,6,13,47,49,69,86,83,2
2020-11-21,2020,122,6,24,37,55,76,82,20,11
2020-11-24,2020,123,9,15,16,23,57,76,19,56
2020-11-26,2020,124,2,9,39,52,67,76,78,37
2020-11-28,2020,125,12,29,61,81,87,90,20,77
2020-12-01,2020,126,21,30,32,62,78,80,36,21
2020-12-03,2020,127,22,33,43,48,87,89,17,75
2020-12-05,2020,128,26,32,39,40,57,65,4,15
2020-12-07,2020,129,1,6,20,25,70,90,89,45
2020-12-10,2020,130,1,6,25,42,75,80,41,63
2020-12-12,2020,131,11,14,18,59,64,85,1,84
2020-12-15,2020,132,10,16,47,51,80,85,4,23
2020-12-17,2020,133,5,9,12,14,26,37,55,29
2020-12-19,2020,134,36,39,45,50,62,66,47,69
2020-12-22,2020,135,15,16,22,46,51,72,8,29
2020-12-24,2020,136,22,25,31,79,87,90,38,73
2020-12-28,2020,137,8,25,39,54,59,84,85,14
2020-12-29,2020,138,15,22,38,51,60,74,86,50
2020-12-31,2020,139,7,14,20,66,68,79,76,60
2021-01-02,2021,1,35,37,50,75,77,81,5,30
2021-01-05,2021,2,12,19,30,60,71,78,79,6
2021-01-07,2021,3,15,33,48,49,56,88,16,55
2021-01-09,2021,4,14,16,35,47,58,64,40,20
2021-01-12,2021,5,5,19,21,33,61,90,43,52
2021-01-14,2021,6,24,50,53,54,62,88,61,72
2021-01-16,2021,7,9,26,57,66,81,83,63,65
2021-01-19,2021,8,2,27,28,38,43,65,60,72
2021-01-21,2021,9,15,17,38,40,45,65,84,45
2021-01-23,2021,10,3,19,27,35,63,89,29,57
2021-01-26,2021,11,34,39,45,51,60,89,18,52
2021-01-28,2021,12,18,29,40,44,46,53,67,39
2021-01-30,2021,13,27,35,42,48,56,65,44,81
2021-02-02,2021,14,28,41,54,67,78,86,29,6
2021-02-04,2021,15,5,19,27,35,40,82,66,53
2021-02-06,2021,16,36,49,50,61,66,76,82,87
2021-02-09,2021,17,7,8,19,33,40,48,54,40
2021-02-11,2021,18,5,34,47,60,69,70,64,21
2021-02-13,2021,19,36,39,46,58,63,77,57,65
2021-02-16,2021,20,9,19,30,52,61,76,54,30
2021-02-18,2021,21,28,52,56,62,66,72,58,13
2021-02-20,2021,22,3,18,25,31,65,75,29,65
2021-02-23,2021,23,7,37,42,57,59,87,15,17
2021-02-25,2021,24,13,26,42,71,72,73,62,30
2021-02-27,2021,25,10,37,42,69,72,86,85,2
2021-03-02,2021,26,3,32,39,56,77,89,90,82
2021-03-04,2021,27,2,4,13,45,51,77,5,64
2021-03-06,2021,28,4,36,43,61,72,89,22,29
2021-03-09,2021,29,8,15,20,52,54,72,81,79
2021-03-11,2021,30,9,31,51,68,84,90,33,41
2021-03-13,2021,31,28,29,43,59,70,79,52,79
2021-03-16,2021,32,28,43,48,65,84,89,9,2
2021-03-18,2021,33,11,38,51,58,62,63,47,56
2021-03-20,2021,34,6,10,57,71,74,83,39,40
2021-03-23,2021,35,2,11,13,45,66,72,25,84
2021-03-25,2021,36,15,28,30,52,75,86,37,32
2021-03-27,2021,37,16,19,41,72,78,82,70,46
2021-03-30,2021,38,10,25,41,58,78,87,73,33
2021-04-01,2021,39,22,37,57,62,83,90,3,87
2021-04-03,2021,40,1,39,53,60,75,76,36,8
2021-04-06,2021,41,7,27,73,77,78,89,26,41
2021-04-08,2021,42,19,29,35,49,66,81,61,87
2021-04-10,2021,43,9,27,67,80,87,89,65,18
2021-04-13,2021,44,1,36,48,63,68,87,23,36
2021-04-15,2021,45,12,33,44,71,72,80,69,12
2021-04-17,2021,46,7,20,63,68,74,88,13,11
2021-04-20,2021,47,1,32,48,58,68,75,59,10
2021-04-22,2021,48,8,11,46,47,72,81,68,80
2021-04-24,2021,49,10,20,21,29,34,44,58,33
2021-04-27,2021,50,41,49,56,58,60,68,59,79
2021-04-29,2021,51,14,62,64,66,76,87,79,48
2021-05-03,2021,52,15,18,40,43,57,72,39,12
2021-05-04,2021,53,6,43,48,60,75,85,1,2
2021-05-06,2021,54,5,28,38,55,79,89,31,26
2021-05-08,2021,55,37,38,44,45,60,65,66,10
2021-05-11,2021,56,23,30,50,59,60,83,16,86
2021-05-13,2021,57,4,13,20,51,69,82,9,27
2021-05-15,2021,58,15,36,49,59,60,62,77,20
2021-05-18,2021,59,10,11,15,19,47,78,68,90
2021-05-20,2021,60,27,31,36,39,46,67,19,88
2021-05-22,2021,61,1,7,37,43,63,81,34,26
2021-05-25,2021,62,5,39,45,49,59,71,4,9
2021-05-27,2021,63,24,38,81,86,88,89,54,71
2021-05-29,2021,64,23,31,62,71,74,77,8,80
2021-06-01,2021,65,9,21,27,41,45,53,66,27
2021-06-03,2021,66,17,27,40,72,86,87,48,2
2021-06-05,2021,67,53,73,75,83,84,85,27,76
2021-06-08,2021,68,2,9,11,72,76,86,67,79
2021-06-10,2021,69,27,37,42,44,76,83,50,25
2021-06-12,2021,70,2,9,27,54,69,78,16,62
2021-06-15,2021,71,10,14,25,43,54,65,11,79
2021-06-17,2021,72,20,33,39,42,43,78,40,49
2021-06-19,2021,73,1,3,41,55,84,85,47,87
2021-06-22,2021,74,30,51,56,59,65,68,83,40
2021-06-24,2021,75,40,43,56,59,63,88,25,2
2021-06-26,2021,76,28,39,44,57,61,88,43,26
2021-06-29,2021,77,10,30,52,53,66,87,77,20
2021-07-01,2021,78,8,11,44,86,88,89,31,8
2021-07-03,2021,79,42,45,52,65,70,85,67,61
2021-07-06,2021,80,11,15,20,40,69,73,65,48
2021-07-08,2021,81,21,24,25,61,73,74,58,24
2021-07-10,2021,82,8,13,16,27,32,62,4,31
2021-07-13,2021,83,58,68,70,74,76,89,3,74
2021-07-15,2021,84,2,25,37,54,57,87,80,77
2021-07-17,2021,85,6,37,64,71,85,87,16,23
2021-07-20,2021,86,28,34,49,65,79,90,1,80
2021-07-22,2021,87,1,6,10,61,63,64,15,37
2021-07-24,2021,88,21,25,40,50,71,87,22,18
2021-07-27,2021,89,1,6,24,36,82,83,58,78
2021-07-29,2021,90,3,14,21,31,84,89,45,68
2021-07-31,2021,91,14,22,36,47,59,61,35,56
2021-08-03,2021,92,14,55,65,68,78,88,36,82
2021-08-05,2021,93,28,37,41,44,52,84,86,12
2021-08-07,2021,94,1,7,34,37,45,49,57,57
2021-08-10,2021,95,14,16,47,49,53,56,22,59
2021-08-12,2021,96,17,55,59,61,62,90,21,72
2021-08-14,2021,97,53,64,72,74,87,89,39,4
2021-08-17,2021,98,2,3,10,38,64,70,69,39
2021-08-19,2021,99,3,4,31,80,81,87,53,53
2021-08-21,2021,100,8,19,35,59,86,90,33,53
2021-08-24,2021,101,12,27,43,48,63,66,18,22
2021-08-26,2021,102,17,21,32,40,55,76,89,4
2021-08-28,2021,103,44,54,56,63,76,77,61,75
2021-08-31,2021,104,3,5,10,44,76,77,19,71
2021-09-02,2021,105,5,15,39,72,76,80,12,6
2021-09-04,2021,106,7,60,68,71,79,80,53,68
2021-09-07,2021,107,7,20,21,31,67,89,63,89
2021-09-09,2021,108,6,58,64,73,76,86,59,45
2021-09-11,2021,109,1,30,36,49,75,85,33,73
2021-09-14,2021,110,3,14,42,52,69,81,63,3
2021-09-16,2021,111,12,16,40,46,47,83,57,16
2021-09-18,2021,112,22,56,60,73,76,80,81,4
2021-09-21,2021,113,5,6,29,59,68,74,54,53
2021-09-23,2021,114,8,21,38,42,49,51,2,58
2021-09-25,2021,115,11,19,61,62,75,76,43,24
2021-09-28,2021,116,14,18,19,33,34,80,48,19
2021-09-30,2021,117,7,32,33,36,45,47,43,19
2021-10-02,2021,118,9,19,40,62,67,71,52,58
2021-10-05,2021,119,21,40,62,66,73,85,58,67
2021-10-07,2021,120,15,18,22,26,66,77,67,78
2021-10-09,2021,121,7,9,70,72,77,86,53,20
2021-10-12,2021,122,46,53,55,60,64,90,77,72
2021-10-14,2021,123,8,14,25,59,60,88,27,31
2021-10-16,2021,124,32,41,50,57,67,89,13,90
2021-10-19,2021,125,21,28,38,42,66,88,60,6
2021-10-21,2021,126,9,10,26,27,77,86,16,23
2021-10-23,2021,127,1,11,12,15,20,83,46,80
2021-10-26,2021,128,20,24,25,49,57,68,16,53
2021-10-28,2021,129,2,25,34,67,73,77,36,11
2021-10-30,2021,130,20,31,41,43,48,79,26,46
2021-11-02,2021,131,22,27,51,55,77,86,33,42
2021-11-04,2021,132,22,25,38,41,61,68,24,3
2021-11-06,2021,133,6,21,56,63,81,85,51,61
2021-11-09,2021,134,3,6,14,17,54,60,83,78
2021-11-11,2021,135,4,23,52,65,79,88,37,53
2021-11-13,2021,136,13,40,60,66,73,75,23,49
2021-11-16,2021,137,7,17,19,38,66,71,90,35
2021-11-18,2021,138,22,24,38,42,44,87,67,13
2021-11-20,2021,139,7,48,58,60,86,87,55,22
2021-11-23,2021,140,6,17,23,24,43,72,81,30
2021-11-25,2021,141,6,45,61,82,84,88,16,36
2021-11-27,2021,142,24,30,38,47,48,78,8,57
2021-11-30,2021,143,11,34,44,64,75,82,48,5
2021-12-02,2021,144,15,24,48,60,70,89,34,17
2021-12-04,2021,145,37,43,68,72,76,85,27,11
2021-12-07,2021,146,9,12,23,38,59,88,76,18
2021-12-09,2021,147,10,48,70,75,79,83,82,77
2021-12-11,2021,148,7,17,45,64,76,81,42,72
2021-12-14,2021,149,35,59,64,65,68,73,50,49
2021-12-16,2021,150,12,35,37,41,75,76,16,13
2021-12-18,2021,151,6,31,44,57,73,77,61,80
2021-12-21,2021,152,30,49,61,62,79,87,63,48
2021-12-23,2021,153,11,15,17,37,54,89,8,38
2021-12-27,2021,154,6,10,11,41,61,80,76,47
2021-12-28,2021,155,13,19,47,70,77,83,31,59
2021-12-30,2021,156,10,20,40,55,68,86,26,76
2022-01-03,2022,1,9,47,50,67,73,74,85,49
2022-01-04,2022,2,5,18,59,78,81,89,10,9
2022-01-08,2022,3,35,42,49,63,68,78,1,33
2022-01-10,2022,4,3,25,30,58,66,84,72,55
2022-01-11,2022,5,15,22,24,33,38,71,47,45
2022-01-13,2022,6,10,34,56,66,78,87,52,29
2022-01-15,2022,7,6,19,48,51,73,89,32,40
2022-01-18,2022,8,33,34,43,46,49,66,87,78
2022-01-20,2022,9,32,33,37,53,77,79,76,61
2022-01-22,2022,10,5,13,27,37,50,59,76,47
2022-01-25,2022,11,4,13,16,21,23,50,63,79
2022-01-27,2022,12,30,53,63,74,83,88,44,27
2022-01-29,2022,13,1,23,63,79,82,89,68,52
2022-02-01,2022,14,5,10,29,31,47,58,34,44
2022-02-03,2022,15,21,26,28,35,65,77,46,60
2022-02-05,2022,16,30,39,48,55,76,81,82,11
2022-02-08,2022,17,36,38,57,62,64,81,68,28
2022-02-10,2022,18,25,35,51,52,58,59,82,71
2022-02-12,2022,19,14,22,27,47,68,77,44,45
2022-02-15,2022,20,1,9,44,49,60,74,70,38
2022-02-17,2022,21,36,48,67,77,85,87,38,74
2022-02-19,2022,22,9,13,15,65,74,81,66,24
2022-02-22,2022,23,9,15,29,59,64,74,22,16
2022-02-24,2022,24,16,28,38,52,69,73,17,47
2022-02-26,2022,25,6,24,38,52,84,87,4,81
2022-03-01,2022,26,15,44,60,79,81,83,64,64
2022-03-03,2022,27,31,33,40,43,47,80,2,21
2022-03-05,2022,28,3,9,58,66,68,80,35,77
2022-03-08,2022,29,3,15,16,21,31,80,24,70
2022-03-10,2022,30,18,34,39,47,52,66,22,69
2022-03-12,2022,31,24,32,41,56,76,80,10,11
2022-03-15,2022,32,8,22,53,65,75,86,55,44
2022-03-17,2022,33,14,52,53,54,55,86,34,29
2022-03-19,2022,34,20,41,61,67,73,83,4,83
2022-03-22,2022,35,27,30,49,68,74,88,64,11
2022-03-24,2022,36,15,35,37,48,62,77,28,50
2022-03-26,2022,37,22,38,74,81,84,89,72,45
2022-03-29,2022,38,9,32,48,55,68,72,36,68
2022-03-31,2022,39,15,43,51,59,64,74,11,39
2022-04-02,2022,40,24,35,45,54,65,68,7,9
2022-04-05,2022,41,5,21,48,63,83,86,30,70
2022-04-07,2022,42,11,20,42,43,51,86,71,87
2022-04-09,2022,43,2,22,27,42,52,89,36,19
2022-04-12,2022,44,15,27,32,51,74,77,44,22
2022-04-14,2022,45,5,8,22,38,50,55,12,89
2022-04-16,2022,46,7,21,25,69,76,77,70,74
2022-04-19,2022,47,32,41,63,71,76,89,1,24
2022-04-21,2022,48,17,32,46,49,77,88,48,19
2022-04-23,2022,49,6,18,23,33,57,71,65,32
2022-04-26,2022,50,20,44,62,64,67,78,79,40
2022-04-28,2022,51,24,61,65,67,71,90,14,74
2022-04-30,2022,52,22,25,34,52,72,85,14,71
2022-05-03,2022,53,13,24,44,47,66,80,46,81
2022-05-05,2022,54,25,31,37,38,77,82,43,8
2022-05-07,2022,55,29,41,43,46,51,81,48,39
2022-05-10,2022,56,25,37,47,55,73,81,67,5
2022-05-12,2022,57,21,26,28,54,80,85,4,37
2022-05-14,2022,58,13,19,39,42,73,83,60,11
2022-05-17,2022,59,26,29,32,48,65,79,53,61
2022-05-19,2022,60,2,9,13,39,40,89,6,43
2022-05-21,2022,61,2,20,25,67,78,80,71,28
2022-05-24,2022,62,22,24,25,32,46,73,29,62
2022-05-26,2022,63,10,14,17,32,45,87,18,70
2022-05-28,2022,64,27,42,55,65,84,90,53,64
2022-05-31,2022,65,21,34,35,48,63,82,17,14
2022-06-04,2022,66,2,35,41,43,65,71,12,50
2022-06-06,2022,67,8,22,31,53,59,86,75,74
2022-06-07,2022,68,21,31,49,69,77,90,40,22
2022-06-09,2022,69,4,12,20,32,56,88,25,78
2022-06-11,2022,70,5,8,18,28,33,59,9,83
2022-06-14,2022,71,7,34,48,50,53,67,52,52
2022-06-16,2022,72,31,54,56,60,66,82,29,13
2022-06-18,2022,73,2,12,16,27,74,78,58,65
2022-06-21,2022,74,12,16,32,46,60,83,54,52
2022-06-23,2022,75,34,37,52,55,56,66,79,16
2022-06-25,2022,76,4,30,42,46,58,89,29,88
2022-06-28,2022,77,19,32,36,55,71,81,48,64
2022-06-30,2022,78,6,9,12,16,32,79,26,40
2022-07-02,2022,79,1,5,25,34,38,66,51,21
2022-07-05,2022,80,16,17,49,66,82,86,1,67
2022-07-07,2022,81,17,24,25,35,66,73,54,1
2022-07-09,2022,82,28,31,41,51,70,83,80,24
2022-07-12,2022,83,11,56,63,66,68,72,58,68
2022-07-14,2022,84,3,11,28,39,65,75,48,51
2022-07-16,2022,85,28,29,38,43,62,71,75,49
2022-07-19,2022,86,2,17,27,44,78,79,59,1
2022-07-21,2022,87,7,14,24,43,44,90,66,19
2022-07-23,2022,88,29,32,46,56,66,90,21,89
2022-07-26,2022,89,8,31,34,44,56,77,36,9
2022-07-28,2022,90,19,20,22,54,72,88,50,56
2022-07-30,2022,91,7,25,28,62,80,87,54,49
2022-08-02,2022,92,9,25,26,49,68,74,81,59
2022-08-04,2022,93,20,23,45,66,83,87,16,61
2022-08-06,2022,94,1,21,29,40,42,58,25,70
2022-08-09,2022,95,15,25,26,29,38,39,82,41
2022-08-11,2022,96,6,32,34,56,58,87,23,88
2022-08-13,2022,97,8,49,62,65,83,88,45,64
2022-08-16,2022,98,13,19,59,74,81,84,2,51
2022-08-18,2022,99,5,25,42,51,71,84,38,9
2022-08-20,2022,100,19,28,31,58,77,85,73,88
2022-08-23,2022,101,7,44,47,51,52,85,89,72
2022-08-25,2022,102,33,41,42,84,86,88,38,79
2022-08-27,2022,103,3,5,15,39,45,80,10,83
2022-08-30,2022,104,6,11,23,45,57,75,44,45
2022-09-01,2022,105,2,5,13,19,54,89,40,50
2022-09-03,2022,106,22,25,30,37,44,76,1,74
2022-09-06,2022,107,11,13,19,34,49,52,37,27
2022-09-08,2022,108,18,26,39,50,71,90,41,35
2022-09-10,2022,109,62,66,68,70,75,83,30,64
2022-09-13,2022,110,5,9,16,20,23,69,31,46
2022-09-15,2022,111,27,34,42,59,72,76,25,35
2022-09-17,2022,112,1,10,14,18,42,60,39,35
2022-09-20,2022,113,1,38,39,40,50,83,44,9
2022-09-22,2022,114,15,30,42,65,75,81,72,85
2022-09-24,2022,115,19,26,35,44,49,65,24,32
2022-09-27,2022,116,5,22,42,49,62,63,80,36
2022-09-29,2022,117,6,35,37,46,59,86,84,38
2022-10-01,2022,118,3,11,14,26,67,82,75,59
2022-10-04,2022,119,4,9,55,68,80,84,38,55
2022-10-06,2022,120,10,20,28,62,70,87,59,26
2022-10-08,2022,121,26,33,41,51,80,84,15,44
2022-10-11,2022,122,1,33,35,39,46,58,15,48
2022-10-13,2022,123,4,20,64,65,69,79,81,20
2022-10-15,2022,124,12,26,34,69,74,83,66,68
2022-10-18,2022,125,4,5,31,56,57,59,51,75
2022-10-20,2022,126,6,8,39,65,67,69,32,7
2022-10-22,2022,127,3,28,31,43,53,59,7,22
2022-10-25,2022,128,1,19,41,48,68,71,25,45
2022-10-27,2022,129,27,28,32,40,49,72,53,70
2022-10-29,2022,130,15,32,66,74,79,86,84,54
2022-10-31,2022,131,12,17,32,64,81,84,11,5
2022-11-03,2022,132,10,15,37,40,43,59,5,67
2022-11-05,2022,133,11,18,41,50,63,74,81,21
2022-11-08,2022,134,15,31,33,44,46,73,79,3
2022-11-10,2022,135,10,16,18,34,39,45,87,3
2022-11-12,2022,136,19,32,51,61,71,82,48,35
2022-11-15,2022,137,13,21,23,33,48,86,28,1
2022-11-17,2022,138,3,6,39,48,52,88,9,6
2022-11-19,2022,139,19,30,44,48,58,72,40,33
2022-11-22,2022,140,14,22,23,35,41,64,17,14
2022-11-24,2022,141,25,58,66,78,81,88,76,3
2022-11-26,2022,142,3,8,42,48,61,72,56,34
2022-11-29,2022,143,18,33,43,60,61,78,20,52
2022-12-01,2022,144,4,13,32,54,56,68,67,25
2022-12-03,2022,145,4,37,38,53,73,79,29,90
2022-12-06,2022,146,12,21,31,39,70,83,16,59
2022-12-10,2022,147,29,50,55,56,76,81,9,47
2022-12-12,2022,148,16,33,51,54,68,86,42,82
2022-12-13,2022,149,32,40,51,61,75,76,72,21
2022-12-15,2022,150,3,4,30,32,39,65,43,66
2022-12-17,2022,151,8,21,24,54,68,70,12,76
2022-12-20,2022,152,7,12,23,73,81,87,35,8
2022-12-22,2022,153,9,25,34,39,54,64,87,22
2022-12-24,2022,154,9,23,29,69,72,81,8,79
2022-12-27,2022,155,3,37,39,44,68,72,11,21
2022-12-29,2022,156,2,19,34,37,46,58,62,69
2022-12-31,2022,157,9,15,30,37,44,72,75,21
2023-01-03,2023,1,8,10,30,34,51,71,20,27
2023-01-05,2023,2,5,9,13,15,50,64,68,43
2023-01-07,2023,3,17,41,54,60,67,86,51,12
2023-01-10,2023,4,21,24,31,32,56,83,78,40
2023-01-12,2023,5,9,10,22,41,44,85,5,51
2023-01-14,2023,6,37,44,52,58,74,78,65,67
2023-01-17,2023,7,9,10,14,40,60,68,21,9
2023-01-19,2023,8,29,47,57,59,67,87,6,48
2023-01-21,2023,9,22,61,66,72,80,82,67,79
2023-01-24,2023,10,3,7,20,55,75,80,88,44
2023-01-26,2023,11,6,25,34,60,79,86,48,81
2023-01-28,2023,12,19,23,53,58,61,82,73,52
2023-01-31,2023,13,13,15,23,39,41,46,30,42
2023-02-02,2023,14,3,14,19,28,70,80,83,7
2023-02-04,2023,15,3,42,46,49,68,81,4,81
2023-02-07,2023,16,24,54,58,65,81,89,63,20
2023-02-09,2023,17,3,10,25,44,57,90,53,68
2023-02-11,2023,18,4,24,25,28,31,68,79,65
2023-02-14,2023,19,19,22,67,71,79,85,23,13
2023-02-16,2023,20,1,38,47,52,56,66,72,23
2023-02-18,2023,21,22,46,52,57,65,72,31,2
2023-02-21,2023,22,7,31,44,63,80,83,87,77
2023-02-23,2023,23,6,29,34,52,58,68,59,12
2023-02-25,2023,24,6,42,52,72,85,89,56,28
2023-02-28,2023,25,7,16,47,49,50,73,45,41
2023-03-02,2023,26,9,24,28,37,44,81,51,72
2023-03-04,2023,27,4,22,24,29,49,58,69,8
2023-03-07,2023,28,2,38,49,64,81,89,43,10
2023-03-09,2023,29,1,19,30,41,42,77,61,32
2023-03-11,2023,30,23,42,46,54,58,79,40,69
2023-03-14,2023,31,8,20,25,64,87,88,75,34
2023-03-16,2023,32,25,28,36,45,48,86,50,51
2023-03-18,2023,33,35,37,43,47,69,73,16,47
2023-03-21,2023,34,10,15,16,30,36,71,59,63
2023-03-23,2023,35,6,8,41,42,66,80,79,11
2023-03-25,2023,36,4,15,26,27,72,82,89,12
2023-03-28,2023,37,42,52,62,64,76,79,55,56
2023-03-30,2023,38,21,29,30,43,46,63,77,54
2023-04-01,2023,39,5,22,36,47,73,75,51,78
2023-04-04,2023,40,17,20,54,62,69,88,39,36
2023-04-06,2023,41,4,28,30,42,45,50,27,55
2023-04-08,2023,42,17,25,32,38,43,48,67,73
2023-04-11,2023,43,9,40,55,60,69,70,34,70
2023-04-13,2023,44,2,11,42,73,76,90,55,35
2023-04-15,2023,45,7,22,36,52,79,86,38,51
2023-04-18,2023,46,5,36,62,64,66,67,53,2
2023-04-20,2023,47,4,5,7,21,45,52,77,37
2023-04-22,2023,48,6,18,22,25,26,47,60,61
2023-04-24,2023,49,3,7,46,69,75,82,81,28
2023-04-27,2023,50,7,10,62,63,77,86,5,44
2023-04-29,2023,51,21,43,55,56,73,89,13,2
2023-05-02,2023,52,17,43,60,71,86,88,16,49
2023-05-04,2023,53,6,9,23,57,62,72,16,22
2023-05-06,2023,54,10,25,40,46,47,74,7,31
2023-05-09,2023,55,18,25,41,44,60,78,36,72
2023-05-11,2023,56,1,6,35,48,62,65,43,83
2023-05-13,2023,57,3,31,35,57,82,84,68,16
2023-05-16,2023,58,20,42,52,67,72,77,82,3
2023-05-18,2023,59,5,16,35,63,69,77,29,3
2023-05-20,2023,60,18,32,37,46,64,70,30,44
2023-05-23,2023,61,13,23,26,27,50,63,71,1
2023-05-25,2023,62,20,22,33,38,40,51,44,76
2023-05-27,2023,63,12,41,64,78,79,88,58,86
2023-05-30,2023,64,10,22,37,55,76,87,60,43
2023-06-01,2023,65,2,37,64,83,89,90,34,23
2023-06-03,2023,66,27,39,56,58,63,64,55,38
2023-06-06,2023,67,17,26,51,54,61,62,73,8
2023-06-08,2023,68,3,8,58,66,82,87,69,55
2023-06-10,2023,69,8,30,33,40,64,78,42,59
2023-06-13,2023,70,6,37,53,54,72,84,74,84
2023-06-15,2023,71,4,9,21,24,52,71,8,58
2023-06-17,2023,72,12,18,26,40,53,63,54,58
2023-06-20,2023,73,7,42,56,69,74,76,45,4
2023-06-22,2023,74,21,30,38,65,67,90,77,7
2023-06-24,2023,75,1,21,32,35,59,86,38,6
2023-06-27,2023,76,31,46,57,70,71,80,75,8
2023-06-29,2023,77,1,27,38,41,79,81,39,29
2023-07-01,2023,78,17,39,41,43,87,89,33,44
2023-07-04,2023,79,11,23,50,68,89,90,41,32
2023-07-06,2023,80,5,17,27,38,53,57,30,16
2023-07-07,2023,81,1,13,23,73,83,85,79,3
2023-07-08,2023,82,8,18,20,28,41,56,58,55
2023-07-11,2023,83,39,41,58,64,71,77,9,74
2023-07-13,2023,84,20,38,49,50,53,64,72,62
2023-07-14,2023,85,38,41,43,55,61,71,59,75
2023-07-15,2023,86,40,45,51,52,56,78,30,5
2023-07-18,2023,87,22,45,49,52,60,65,23,26
2023-07-20,2023,88,14,41,47,62,65,88,39,37
2023-07-21,2023,89,13,38,52,56,73,90,7,24
2023-07-22,2023,90,2,37,50,65,68,90,67,60
2023-07-25,2023,91,6,30,48,69,71,74,62,22
2023-07-27,2023,92,18,39,48,50,57,83,38,55
2023-07-28,2023,93,1,23,33,50,55,78,45,82
2023-07-29,2023,94,27,39,58,60,68,85,45,82
2023-08-01,2023,95,11,32,36,40,54,63,78,57
2023-08-03,2023,96,4,6,9,33,65,73,48,12
2023-08-04,2023,97,5,21,57,71,72,84,66,11
2023-08-05,2023,98,7,9,17,18,47,81,61,20
2023-08-08,2023,99,3,4,5,71,81,82,64,10
2023-08-10,2023,100,9,21,43,49,53,86,68,62
2023-08-11,2023,101,31,45,46,52,69,83,76,34
2023-08-12,2023,102,2,40,48,78,81,90,55,14
2023-08-14,2023,103,6,28,46,64,77,82,20,15
2023-08-17,2023,104,10,12,14,53,63,71,41,41
2023-08-18,2023,105,5,13,41,58,70,73,1,28
2023-08-19,2023,106,5,6,18,23,49,61,22,82
2023-08-22,2023,107,32,45,47,61,67,75,6,83
2023-08-24,2023,108,3,34,54,67,71,77,2,49
2023-08-25,2023,109,4,12,41,57,77,78,40,3
2023-08-26,2023,110,8,11,23,59,73,75,14,11
2023-08-29,2023,111,52,53,56,69,82,90,6,50
2023-08-31,2023,112,9,15,61,66,72,73,2,79
2023-09-01,2023,113,18,53,57,67,75,80,77,39
2023-09-02,2023,114,7,14,15,49,86,90,82,19
2023-09-05,2023,115,14,19,20,26,33,65,15,36
2023-09-07,2023,116,2,15,34,40,57,89,88,73
2023-09-08,2023,117,13,30,42,58,80,86,33,72
2023-09-09,2023,118,6,17,28,43,46,76,61,84
2023-09-12,2023,119,26,28,41,47,81,84,70,70
2023-09-14,2023,120,23,29,41,55,76,79,11,5
2023-09-15,2023,121,5,12,42,51,55,80,35,60
2023-09-16,2023,122,23,27,53,55,74,86,79,65
2023-09-19,2023,123,9,11,41,52,86,89,36,9
2023-09-21,2023,124,4,21,29,31,45,59,42,2
2023-09-22,2023,125,3,58,67,69,70,84,5,11
2023-09-23,2023,126,22,27,38,51,80,82,24,31
2023-09-26,2023,127,41,43,45,60,66,78,30,75
2023-09-28,2023,128,9,25,40,58,85,86,11,34
2023-09-29,2023,129,6,35,48,53,81,86,47,71
2023-09-30,2023,130,17,25,64,66,74,76,49,78
2023-10-03,2023,131,12,13,20,54,67,84,66,77
2023-10-05,2023,132,20,22,39,65,69,71,38,53
2023-10-06,2023,133,33,36,48,62,82,90,8,61
2023-10-07,2023,134,12,35,37,42,55,58,63,13
2023-10-10,2023,135,1,39,45,49,87,88,30,41
2023-10-12,2023,136,5,7,10,14,20,36,54,11
2023-10-13,2023,137,24,29,40,55,56,77,49,79
2023-10-14,2023,138,4,6,52,79,81,83,45,53
2023-10-17,2023,139,16,28,39,40,63,85,12,33
2023-10-19,2023,140,10,18,45,55,66,70,75,53
2023-10-20,2023,141,14,21,24,49,71,81,5,17
2023-10-21,2023,142,23,35,37,58,61,73,50,13
2023-10-24,2023,143,8,18,41,54,75,79,42,8
2023-10-26,2023,144,11,19,28,34,38,45,1,31
2023-10-27,2023,145,23,40,49,57,68,69,56,56
2023-10-28,2023,146,4,9,25,30,57,66,79,77
2023-10-31,2023,147,3,42,54,69,73,80,68,29
2023-11-02,2023,148,17,29,40,56,60,80,33,2
2023-11-03,2023,149,52,64,68,76,84,87,14,6
2023-11-04,2023,150,16,52,59,63,84,90,32,55
2023-11-07,2023,151,10,30,36,64,69,76,68,88
2023-11-09,2023,152,14,68,70,84,85,87,45,16
2023-11-10,2023,153,7,45,58,62,69,76,66,37
2023-11-11,2023,154,16,22,23,25,62,82,5,11
2023-11-14,2023,155,35,38,39,51,74,80,4,20
2023-11-16,2023,156,9,10,19,40,52,56,50,42
2023-11-17,2023,157,14,23,63,70,75,89,59,83
2023-11-18,2023,158,5,51,52,60,62,80,22,23
2023-11-21,2023,159,30,59,61,86,88,90,43,77
2023-11-23,2023,160,1,37,61,68,71,83,52,25
2023-11-24,2023,161,4,13,28,30,47,59,61,56
2023-11-25,2023,162,11,27,28,55,58,73,49,12
2023-11-28,2023,163,6,14,49,52,67,68,80,25
2023-11-30,2023,164,27,38,41,81,84,86,49,69
2023-12-01,2023,165,11,22,33,44,65,66,87,17
2023-12-02,2023,166,19,24,29,53,74,83,70,40
2023-12-05,2023,167,4,6,16,39,41,44,23,78
2023-12-07,2023,168,5,19,42,44,68,84,72,38
2023-12-09,2023,169,3,20,27,41,59,82,24,31
2023-12-11,2023,170,1,41,46,50,84,89,37,19
2023-12-12,2023,171,4,27,47,57,59,89,7,4
2023-12-14,2023,172,22,28,37,39,53,86,78,70
2023-12-15,2023,173,52,63,67,71,83,89,23,46
2023-12-16,2023,174,13,22,23,42,47,87,67,69
2023-12-18,2023,175,3,4,14,15,65,85,33,43
2023-12-19,2023,176,20,26,30,33,54,83,89,64
2023-12-21,2023,177,19,32,38,62,77,79,90,83
2023-12-22,2023,178,1,8,46,57,73,79,67,32
2023-12-23,2023,179,8,10,49,57,79,81,36,65
2023-12-28,2023,180,15,36,57,58,79,86,35,47
2023-12-29,2023,181,13,46,47,67,68,90,55,40
2023-12-30,2023,182,23,43,45,53,66,69,4,59
2024-01-02,2024,1,2,9,16,35,46,63,49,5
2024-01-04,2024,2,7,9,29,51,60,70,59,41
2024-01-08,2024,3,20,28,42,48,51,62,72,47
2024-01-09,2024,4,10,19,23,39,40,83,73,13
2024-01-11,2024,5,45,56,59,69,73,77,7,81
2024-01-12,2024,6,11,23,25,72,78,84,20,40
2024-01-13,2024,7,4,43,45,55,56,60,5,55
2024-01-16,2024,8,21,39,51,59,68,86,63,48
2024-01-18,2024,9,14,26,36,60,62,84,73,68
2024-01-19,2024,10,21,22,28,50,55,68,38,35
2024-01-20,2024,11,2,19,56,58,63,71,22,14
2024-01-23,2024,12,11,15,16,42,48,52,1,16
2024-01-25,2024,13,27,29,30,53,54,86,34,57
2024-01-26,2024,14,24,32,36,47,50,78,62,72
2024-01-27,2024,15,17,33,38,43,49,80,69,30
2024-01-30,2024,16,5,10,76,82,83,89,25,49
2024-02-01,2024,17,3,44,74,81,87,89,85,66
2024-02-02,2024,18,2,35,38,44,68,83,50,73
2024-02-03,2024,19,6,10,12,34,66,77,19,58
2024-02-06,2024,20,26,34,39,46,54,89,13,11
2024-02-08,2024,21,2,4,24,62,73,75,1,49
2024-02-09,2024,22,6,22,29,42,48,66,56,81
2024-02-10,2024,23,43,62,72,73,85,86,58,17
2024-02-13,2024,24,27,34,37,42,53,76,60,55
2024-02-15,2024,25,34,38,61,71,74,83,80,79
2024-02-16,2024,26,20,30,37,83,88,89,77,66
2024-02-17,2024,27,3,11,25,34,46,64,53,75
2024-02-20,2024,28,5,30,36,43,48,78,79,51
2024-02-22,2024,29,29,30,43,44,75,87,1,85
2024-02-23,2024,30,38,54,57,66,74,88,75,57
2024-02-24,2024,31,41,43,46,47,63,87,30,44
2024-02-27,2024,32,27,33,41,73,79,90,34,39
2024-02-29,2024,33,13,28,36,41,79,88,30,32
2024-03-01,2024,34,5,16,44,61,80,90,25,16
2024-03-02,2024,35,26,50,51,55,85,87,14,19
2024-03-05,2024,36,16,43,53,79,80,82,74,61
2024-03-07,2024,37,3,13,24,60,70,75,71,30
2024-03-08,2024,38,9,16,23,50,53,79,55,84
2024-03-09,2024,39,10,30,36,49,55,62,32,66
2024-03-12,2024,40,7,25,46,67,69,86,23,77
2024-03-14,2024,41,14,23,51,55,68,76,77,86
2024-03-15,2024,42,5,6,7,50,72,74,82,26
2024-03-16,2024,43,12,38,45,66,70,73,58,85
2024-03-19,2024,44,4,19,58,60,67,82,48,29
2024-03-21,2024,45,2,8,17,73,77,84,4,84
2024-03-22,2024,46,13,16,59,66,77,79,82,75
2024-03-23,2024,47,32,34,57,58,67,79,61,66
2024-03-26,2024,48,2,24,43,74,81,85,63,40
2024-03-28,2024,49,5,9,22,69,74,84,80,83
2024-03-29,2024,50,20,30,32,38,61,67,60,6
2024-03-30,2024,51,8,25,28,45,54,66,89,28
2024-04-02,2024,52,28,39,40,44,72,76,52,52
2024-04-04,2024,53,8,33,36,41,51,68,71,8
2024-04-05,2024,54,23,40,42,60,62,63,26,80
2024-04-06,2024,55,14,33,53,54,64,78,39,85
2024-04-09,2024,56,15,23,31,45,51,58,60,64
2024-04-11,2024,57,8,31,67,77,81,86,10,62
2024-04-12,2024,58,10,23,47,49,84,85,5,24
2024-04-13,2024,59,1,6,7,11,79,88,15,26
2024-04-16,2024,60,1,3,11,53,75,81,61,26
2024-04-18,2024,61,15,27,42,53,65,85,88,49
2024-04-19,2024,62,9,18,65,70,75,87,53,81
2024-04-20,2024,63,26,34,40,53,60,68,82,19
2024-04-23,2024,64,8,12,20,24,45,73,4,3
2024-04-26,2024,65,9,13,51,61,81,83,24,59
2024-04-27,2024,66,24,27,41,54,62,63,37,37
2024-04-29,2024,67,17,27,44,50,66,85,3,32
2024-04-30,2024,68,6,7,11,20,33,81,74,8
2024-05-02,2024,69,14,43,54,69,80,90,1,57
2024-05-03,2024,70,17,23,43,48,52,66,88,3
2024-05-04,2024,71,5,18,22,34,52,66,33,46
2024-05-07,2024,72,21,23,30,45,68,85,53,89
2024-05-09,2024,73,23,36,38,62,75,81,82,62
2024-05-10,2024,74,6,20,40,55,71,80,12,75
2024-05-11,2024,75,21,29,34,36,46,51,41,60
2024-05-14,2024,76,11,27,39,43,61,85,52,43
2024-05-16,2024,77,10,11,27,31,66,83,25,57
2024-05-17,2024,78,13,14,41,53,60,65,5,45
2024-05-18,2024,79,2,20,31,48,58,59,46,30
2024-05-21,2024,80,3,28,49,72,83,84,5,17
2024-05-23,2024,81,4,10,19,50,71,83,27,11
2024-05-24,2024,82,2,36,39,50,59,64,19,3
2024-05-25,2024,83,2,10,28,37,56,75,41,58
2024-05-28,2024,84,19,41,67,76,82,85,23,10
2024-05-30,2024,85,10,14,16,40,50,55,4,31
2024-05-31,2024,86,14,20,24,49,83,84,62,45
2024-06-01,2024,87,4,13,47,75,80,82,83,22
2024-06-04,2024,88,4,18,28,41,61,75,17,72
2024-06-06,2024,89,43,44,45,50,67,76,69,9
2024-06-07,2024,90,39,51,52,58,72,84,11,37
2024-06-08,2024,91,6,8,14,15,59,79,66,2
2024-06-11,2024,92,14,27,34,47,73,88,52,52
2024-06-13,2024,93,5,22,47,54,63,84,85,82
2024-06-14,2024,94,15,60,82,85,86,87,45,42
2024-06-15,2024,95,6,16,22,69,73,78,67,38
2024-06-18,2024,96,20,32,49,50,51,58,44,59
2024-06-20,2024,97,19,31,39,60,72,80,5,49
2024-06-21,2024,98,21,23,28,59,79,82,74,81
2024-06-22,2024,99,3,25,57,69,71,87,48,62
2024-06-25,2024,100,3,18,49,63,68,82,78,51
2024-06-27,2024,101,13,28,63,76,80,85,21,54
2024-06-28,2024,102,21,26,33,34,45,86,28,80
2024-06-29,2024,103,11,18,25,26,54,84,17,69
2024-07-02,2024,104,4,7,39,71,79,89,1,11
2024-07-04,2024,105,15,25,42,53,56,73,60,61
2024-07-05,2024,106,10,21,23,26,35,50,87,76
2024-07-06,2024,107,18,24,26,33,34,47,35,30
2024-07-09,2024,108,8,26,32,34,53,58,25,78
2024-07-11,2024,109,10,31,40,59,80,85,13,48
2024-07-12,2024,110,43,54,60,70,75,89,30,20
2024-07-13,2024,111,6,9,54,63,64,68,43,84
2024-07-16,2024,112,3,18,26,54,61,72,85,30
2024-07-18,2024,113,13,23,35,36,57,64,47,5
2024-07-19,2024,114,13,20,39,48,74,89,47,50
2024-07-20,2024,115,45,48,50,57,70,71,80,52
2024-07-23,2024,116,24,59,63,64,82,90,62,24
2024-07-25,2024,117,2,21,23,56,69,87,52,42
2024-07-26,2024,118,1,14,21,35,64,85,70,5
2024-07-27,2024,119,13,14,25,34,59,84,71,17
2024-07-30,2024,120,11,13,22,34,54,77,35,72
2024-08-01,2024,121,33,39,78,79,83,84,60,88
2024-08-02,2024,122,34,42,69,76,81,85,36,49
2024-08-03,2024,123,6,37,69,73,79,88,4,7
2024-08-06,2024,124,4,11,85,86,87,88,38,2
2024-08-08,2024,125,3,16,17,54,61,90,4,21
2024-08-09,2024,126,23,40,60,79,80,87,50,69
2024-08-10,2024,127,13,14,49,55,71,77,62,32
2024-08-13,2024,128,41,43,55,65,80,85,76,74
2024-08-16,2024,129,1,6,13,20,73,85,11,73
2024-08-17,2024,130,6,22,43,60,66,73,31,31
2024-08-19,2024,131,4,7,15,24,36,78,65,85
2024-08-20,2024,132,17,23,45,57,64,89,15,31
2024-08-22,2024,133,17,18,24,34,57,82,68,21
2024-08-23,2024,134,5,7,59,70,72,73,33,4
2024-08-24,2024,135,17,28,63,72,75,81,79,51
2024-08-27,2024,136,12,23,36,42,50,71,80,40
2024-08-29,2024,137,5,23,46,52,60,80,79,54
2024-08-30,2024,138,7,34,47,52,74,86,78,7
2024-08-31,2024,139,1,20,27,41,60,77,7,43
2024-09-03,2024,140,6,38,55,71,80,85,23,24
2024-09-05,2024,141,4,5,29,32,69,89,15,46
2024-09-06,2024,142,2,26,37,38,69,85,66,10
2024-09-07,2024,143,1,16,64,70,72,82,34,86
2024-09-10,2024,144,9,11,27,53,63,78,8,88
2024-09-12,2024,145,29,35,65,67,70,80,10,79
2024-09-13,2024,146,2,12,16,18,59,61,56,4
2024-09-14,2024,147,1,31,55,65,76,88,52,34
2024-09-17,2024,148,17,28,62,64,74,84,88,90
2024-09-19,2024,149,3,13,44,45,56,61,33,34
2024-09-20,2024,150,14,22,42,44,47,79,85,29
2024-09-21,2024,151,8,33,35,39,78,83,52,72
2024-09-24,2024,152,2,25,27,50,88,90,19,86
2024-09-26,2024,153,2,13,14,41,52,79,84,12
2024-09-27,2024,154,4,14,42,46,53,60,31,85
2024-09-28,2024,155,4,8,28,33,34,57,27,88
2024-10-01,2024,156,57,60,68,70,80,83,25,64
2024-10-03,2024,157,26,27,40,51,67,86,4,82
2024-10-04,2024,158,5,43,57,58,72,87,3,72
2024-10-05,2024,159,13,41,47,58,81,84,4,81
2024-10-08,2024,160,6,21,25,59,63,68,8,70
2024-10-10,2024,161,6,48,64,80,87,89,43,82
2024-10-11,2024,162,31,34,49,66,75,88,1,16
2024-10-12,2024,163,11,13,16,22,42,51,37,47
2024-10-15,2024,164,1,23,44,45,47,60,14,19
2024-10-17,2024,165,2,23,24,42,46,88,61,27
2024-10-18,2024,166,19,39,41,42,45,88,40,27
2024-10-19,2024,167,14,67,73,86,89,90,8,77
2024-10-22,2024,168,13,23,37,43,64,79,84,20
2024-10-24,2024,169,7,21,23,28,29,31,20,66
2024-10-25,2024,170,5,11,39,41,62,80,78,33
2024-10-26,2024,171,14,31,40,42,52,65,15,69
2024-10-29,2024,172,6,17,26,35,57,64,14,23
2024-10-31,2024,173,18,40,55,58,71,85,46,46
2024-11-02,2024,174,3,19,27,43,61,77,80,41
2024-11-04,2024,175,27,32,33,44,60,89,52,5
2024-11-05,2024,176,32,43,53,75,77,88,81,79
2024-11-07,2024,177,1,50,68,75,81,84,8,25
2024-11-08,2024,178,13,22,49,58,64,75,20,16
2024-11-09,2024,179,26,36,43,51,63,89,21,57
2024-11-12,2024,180,13,28,29,32,39,81,82,36
2024-11-14,2024,181,36,46,69,70,73,82,26,84
2024-11-15,2024,182,2,4,5,42,53,83,23,43
2024-11-16,2024,183,52,56,66,68,70,73,90,12
2024-11-19,2024,184,20,34,36,68,72,74,44,49
2024-11-21,2024,185,4,7,20,24,41,67,85,35
2024-11-22,2024,186,6,26,51,53,78,89,79,70
2024-11-23,2024,187,15,22,29,32,35,67,87,23
2024-11-26,2024,188,13,23,26,31,46,89,43,24
2024-11-28,2024,189,3,8,37,54,74,84,26,26
2024-11-29,2024,190,21,33,44,55,75,80,53,64
2024-11-30,2024,191,27,48,50,69,74,81,13,36
2024-12-03,2024,192,4,17,37,56,73,90,46,11
2024-12-05,2024,193,4,42,45,72,82,84,25,10
2024-12-06,2024,194,21,48,60,61,67,71,86,22
2024-12-07,2024,195,21,30,55,60,70,75,13,25
2024-12-10,2024,196,5,54,68,69,71,81,30,56
2024-12-12,2024,197,20,61,76,78,85,87,44,72
2024-12-13,2024,198,16,42,54,55,65,83,27,90
2024-12-14,2024,199,34,50,52,59,70,83,13,74
2024-12-17,2024,200,3,25,49,58,64,66,46,77
2024-12-19,2024,201,2,4,8,20,22,76,72,60
2024-12-20,2024,202,17,35,43,56,63,85,23,74
2024-12-21,2024,203,23,25,53,55,71,79,63,6
2024-12-24,2024,204,6,18,27,30,52,56,83,80
2024-12-27,2024,205,9,13,15,43,53,68,58,69
2024-12-28,2024,206,28,29,46,68,81,88,79,40
2024-12-30,2024,207,3,8,18,25,58,75,12,54
2024-12-31,2024,208,5,16,23,40,47,80,17,13
2025-01-02,2025,1,19,21,29,74,77,88,7,56
2025-01-03,2025,2,13,30,43,49,74,89,4,32
2025-01-04,2025,3,31,42,43,63,83,86,37,86
2025-01-07,2025,4,7,10,11,29,32,87,34,51
2025-01-09,2025,5,15,33,40,71,74,82,89,15
2025-01-10,2025,6,19,25,33,49,57,72,46,38
2025-01-11,2025,7,5,6,11,22,35,85,30,53
2025-01-14,2025,8,4,15,17,40,64,75,23,80
2025-01-16,2025,9,31,38,59,69,72,88,64,73
2025-01-17,2025,10,8,12,15,40,66,89,7,15
2025-01-18,2025,11,2,10,21,29,46,70,31,59
2025-01-21,2025,12,3,18,41,58,62,73,64,20
2025-01-23,2025,13,1,7,34,46,69,80,64,42
2025-01-24,2025,14,14,20,46,62,84,85,1,78
2025-01-25,2025,15,5,6,24,44,45,76,58,64
2025-01-28,2025,16,48,63,65,72,77,82,85,47
2025-01-30,2025,17,23,32,34,35,41,47,65,2
2025-01-31,2025,18,7,18,22,25,30,72,76,51
2025-02-01,2025,19,21,25,26,45,49,59,68,82
2025-02-04,2025,20,10,29,41,77,83,85,56,80
2025-02-06,2025,21,4,11,41,72,83,86,30,30
2025-02-07,2025,22,16,29,30,47,52,84,10,17
2025-02-08,2025,23,29,46,57,66,72,86,64,40
2025-02-11,2025,24,9,39,55,75,79,86,2,56
2025-02-13,2025,25,31,41,62,64,74,87,84,68
2025-02-14,2025,26,18,30,40,52,60,71,65,70
2025-02-15,2025,27,22,37,48,72,77,85,39,72
2025-02-18,2025,28,3,5,7,54,76,85,89,64
2025-02-20,2025,29,6,19,27,63,71,77,13,70
2025-02-21,2025,30,21,45,48,72,79,87,73,89
2025-02-22,2025,31,35,40,48,49,52,89,24,32
2025-02-25,2025,32,6,58,68,83,89,90,73,50
2025-02-27,2025,33,29,31,33,42,51,72,34,62
2025-02-28,2025,34,4,12,37,59,63,90,70,15
2025-03-01,2025,35,1,12,33,40,41,83,6,67
2025-03-04,2025,36,9,28,52,63,77,79,11,39
2025-03-06,2025,37,1,10,18,19,32,36,20,53
2025-03-07,2025,38,11,24,25,30,43,47,28,5
2025-03-08,2025,39,11,16,35,59,65,87,9,52
2025-03-11,2025,40,22,27,48,55,58,90,63,11
2025-03-13,2025,41,7,25,33,51,58,70,79,31
2025-03-14,2025,42,3,10,20,36,37,49,21,14
2025-03-15,2025,43,2,8,50,77,79,82,85,36
2025-03-18,2025,44,1,64,73,79,80,86,39,68
2025-03-20,2025,45,36,40,49,54,66,83,14,44
2025-03-21,2025,46,7,15,48,49,65,80,67,39
2025-03-22,2025,47,15,28,45,46,66,76,44,43
2025-03-25,2025,48,27,29,31,60,74,88,71,23
2025-03-27,2025,49,28,35,43,45,64,85,13,35
2025-03-28,2025,50,17,26,46,56,71,90,6,22
2025-03-29,2025,51,9,45,66,68,71,85,31,44
2025-04-01,2025,52,4,19,32,47,74,81,10,90
2025-04-03,2025,53,29,30,31,32,35,57,26,6
2025-04-04,2025,54,42,51,71,77,80,82,72,5
2025-04-05,2025,55,5,8,22,41,60,73,18,54
2025-04-08,2025,56,11,20,34,46,48,90,68,81
2025-04-10,2025,57,11,24,32,40,44,85,27,36
2025-04-11,2025,58,9,20,43,49,52,57,61,8
2025-04-12,2025,59,16,38,60,79,83,85,27,36
2025-04-15,2025,60,40,57,60,66,80,81,36,9
2025-04-17,2025,61,8,20,40,44,46,49,63,48
2025-04-18,2025,62,4,11,18,23,83,88,89,70
2025-04-19,2025,63,8,32,51,54,62,69,18,30
2025-04-22,2025,64,10,59,61,62,68,74,43,31
2025-04-24,2025,65,13,14,20,31,55,60,89,25
2025-04-26,2025,66,10,21,24,48,63,67,34,45
2025-04-28,2025,67,13,18,30,44,51,81,38,52
2025-04-29,2025,68,20,31,39,59,60,82,57,10
2025-05-02,2025,69,54,55,67,76,80,85,82,52
2025-05-03,2025,70,1,4,22,44,70,72,18,53
2025-05-05,2025,71,6,18,37,63,72,73,36,28
2025-05-06,2025,72,2,35,51,58,63,88,8,51
2025-05-08,2025,73,1,23,27,54,67,83,65,30
2025-05-09,2025,74,3,47,51,77,85,88,52,39
2025-05-10,2025,75,8,14,17,39,49,55,2,80
2025-05-13,2025,76,2,15,25,62,76,81,89,5
2025-05-15,2025,77,10,28,35,37,73,75,42,27
2025-05-16,2025,78,15,21,30,31,42,80,69,42
2025-05-17,2025,79,10,11,19,22,39,88,29,73
2025-05-20,2025,80,5,19,21,30,33,48,74,39
2025-05-22,2025,81,2,19,23,46,49,72,71,88
2025-05-23,2025,82,2,8,10,18,20,79,13,10
2025-05-24,2025,83,1,3,5,53,62,71,32,53
2025-05-27,2025,84,7,10,35,40,53,75,60,33
2025-05-29,2025,85,27,32,51,67,71,81,35,90
2025-05-30,2025,86,31,34,62,63,82,87,81,77
2025-05-31,2025,87,4,8,47,48,63,90,77,12
2025-06-03,2025,88,1,6,31,37,47,71,26,72
2025-06-05,2025,89,10,17,19,21,63,74,4,60
2025-06-06,2025,90,2,10,33,55,73,74,80,49
2025-06-07,2025,91,5,28,46,49,52,76,83,21
2025-06-10,2025,92,14,45,55,62,76,80,51,17
2025-06-12,2025,93,21,61,69,76,79,81,77,76
2025-06-13,2025,94,8,23,25,48,78,83,80,39
2025-06-14,2025,95,10,18,44,56,73,86,48,55
2025-06-17,2025,96,17,48,52,58,86,87,74,49
2025-06-19,2025,97,4,6,11,31,69,73,9,26
2025-06-20,2025,98,34,67,76,77,86,90,40,43
2025-06-21,2025,99,4,17,28,36,42,50,5,71
2025-06-24,2025,100,2,23,32,36,63,64,37,76
2025-06-26,2025,101,10,56,69,70,79,81,53,45
2025-06-27,2025,102,25,49,54,55,62,73,4,86
2025-06-28,2025,103,10,35,38,41,51,56,3,51
2025-07-01,2025,104,6,9,25,28,75,79,83,20
2025-07-03,2025,105,37,42,49,53,57,65,62,8
2025-07-04,2025,106,26,45,58,65,70,82,27,73
2025-07-05,2025,107,16,46,61,71,75,85,64,12
2025-07-08,2025,108,1,33,40,61,64,73,15,48
2025-07-10,2025,109,5,15,20,32,65,75,12,24
2025-07-11,2025,110,1,31,40,62,64,74,81,11
2025-07-12,2025,111,16,24,25,43,64,78,54,12
2025-07-15,2025,112,4,10,14,48,58,83,47,63
2025-07-17,2025,113,16,35,37,42,43,68,58,8
2025-07-18,2025,114,20,37,50,70,75,88,46,16
2025-07-19,2025,115,5,43,46,56,58,90,23,54
2025-07-22,2025,116,3,8,44,52,69,85,11,67
2025-07-24,2025,117,10,14,37,66,88,89,34,88
2025-07-25,2025,118,15,16,17,36,62,83,7,31
2025-07-26,2025,119,1,9,19,49,53,88,77,44
2025-07-29,2025,120,13,27,31,60,65,75,39,69
2025-07-31,2025,121,14,55,56,57,58,66,46,65
2025-08-01,2025,122,9,25,27,36,54,86,45,31
2025-08-02,2025,123,42,54,66,78,80,88,60,14
2025-08-05,2025,124,6,31,57,60,65,80,12,71
2025-08-07,2025,125,43,55,70,79,83,85,24,4
2025-08-08,2025,126,8,34,38,53,78,79,58,37
2025-08-09,2025,127,6,18,40,41,45,88,37,12
2025-08-12,2025,128,7,11,26,59,82,83,24,54
2025-08-14,2025,129,3,19,30,47,49,75,35,14
2025-08-16,2025,130,6,15,25,31,72,79,54,31
2025-08-18,2025,131,5,19,58,59,83,87,10,32
2025-08-19,2025,132,5,10,51,62,77,81,74,58
2025-08-21,2025,133,49,56,57,61,62,86,16,53
2025-08-22,2025,134,7,25,38,39,66,69,17,24
2025-08-23,2025,135,5,29,40,47,52,80,4,61
2025-08-26,2025,136,12,23,25,34,41,63,21,20
2025-08-28,2025,137,56,59,64,67,72,78,51,86
2025-08-29,2025,138,18,22,32,34,52,56,62,45
2025-08-30,2025,139,30,43,46,62,73,90,35,73
2025-09-02,2025,140,16,19,28,44,60,78,9,73
2025-09-04,2025,141,5,16,38,45,63,83,46,83
2025-09-05,2025,142,9,39,47,52,71,82,83,52
2025-09-06,2025,143,59,73,75,76,78,88,57,5
2025-09-09,2025,144,34,47,71,73,82,90,49,52
2025-09-11,2025,145,3,9,11,35,65,74,26,29
2025-09-12,2025,146,29,33,44,52,63,65,19,84
2025-09-13,2025,147,26,28,31,35,37,65,30,5
2025-09-16,2025,148,1,12,26,44,51,90,72,45
2025-09-18,2025,149,12,38,46,49,60,65,2,46
2025-09-19,2025,150,11,16,23,31,49,78,63,13
2025-09-20,2025,151,2,12,15,31,63,71,50,57
2025-09-23,2025,152,1,6,20,43,59,73,58,89
2025-09-25,2025,153,11,19,36,41,65,82,17,15
2025-09-26,2025,154,2,17,23,39,58,82,75,6
2025-09-27,2025,155,9,10,21,25,27,68,54,6
2025-09-30,2025,156,5,8,71,74,77,81,34,70
2025-10-02,2025,157,1,21,39,42,52,89,6,17
2025-10-03,2025,158,2,4,69,75,79,88,12,7
2025-10-04,2025,159,48,54,61,68,79,87,80,45
2025-10-07,2025,160,17,21,40,56,61,79,87,85
2025-10-09,2025,161,38,49,50,54,78,82,90,43
2025-10-10,2025,162,20,38,42,61,81,82,16,80
2025-10-11,2025,163,28,51,55,62,80,90,68,90
2025-10-14,2025,164,9,31,44,59,70,86,37,81
2025-10-16,2025,165,7,44,45,58,76,80,77,13
2025-10-17,2025,166,2,9,10,32,66,77,72,44
2025-10-18,2025,167,12,13,19,26,75,82,50,54
2025-10-21,2025,168,4,9,14,33,36,77,66,15
2025-10-23,2025,169,7,29,42,62,68,73,26,21
2025-10-24,2025,170,5,12,23,31,84,90,68,77
2025-10-25,2025,171,16,18,33,53,58,89,81,59
2025-10-28,2025,172,8,25,40,54,58,63,50,63
2025-10-30,2025,173,15,30,37,39,56,74,43,47
2025-10-31,2025,174,8,30,32,61,67,85,22,9
2025-11-03,2025,175,30,56,80,81,85,87,67,2
2025-11-04,2025,176,5,18,28,38,44,76,23,89
2025-11-06,2025,177,9,48,51,53,73,88,19,43
2025-11-07,2025,178,5,24,32,67,82,88,43,89
2025-11-08,2025,179,17,18,19,33,35,62,80,58
2025-11-11,2025,180,3,37,42,59,63,84,49,64
2025-11-13,2025,181,7,9,17,54,73,90,89,3
2025-11-14,2025,182,26,38,43,46,72,73,45,45
2025-11-15,2025,183,20,23,40,51,55,85,5,80
2025-11-18,2025,184,18,40,54,83,85,89,4,57
2025-11-20,2025,185,5,9,15,17,48,74,65,75
2025-11-21,2025,186,12,14,18,53,84,86,72,35
2025-11-22,2025,187,2,8,29,47,59,65,86,26
2025-11-25,2025,188,18,20,21,23,40,43,52,10
2025-11-27,2025,189,9,28,43,50,61,88,83,62
2025-11-28,2025,190,1,12,20,21,42,58,84,34
2025-11-29,2025,191,8,16,29,61,65,69,17,85
2025-12-02,2025,192,5,17,28,59,70,90,27,66
2025-12-04,2025,193,12,30,45,48,59,60,40,90
2025-12-05,2025,194,10,19,29,30,56,71,76,13
2025-12-06,2025,195,1,38,42,78,82,84,24,71
2025-12-09,2025,196,8,31,51,65,78,79,26,77
2025-12-11,2025,197,14,44,72,81,85,86,80,47
2025-12-12,2025,198,7,21,35,38,64,80,29,87
2025-12-13,2025,199,2,5,7,36,58,64,14,62
2025-12-16,2025,200,2,18,24,35,41,84,44,20
2025-12-18,2025,201,7,28,63,69,73,77,64,14
2025-12-19,2025,202,16,52,60,75,81,88,40,49
2025-12-20,2025,203,11,24,42,50,89,90,36,44
2025-12-22,2025,204,2,14,28,36,78,85,17,11
2025-12-23,2025,205,16,18,22,24,34,80,62,53
2025-12-27,2025,206,8,19,20,41,74,84,45,74
2025-12-29,2025,207,36,38,45,61,79,83,12,52
2025-12-30,2025,208,6,9,17,20,60,67,1,73
2026-01-02,2026,1,29,33,47,56,69,89,16,7
2026-01-03,2026,2,16,30,32,43,68,76,36,58
2026-01-05,2026,3,11,13,17,56,80,84,41,13
2026-01-08,2026,4,35,42,45,53,55,88,66,52
2026-01-09,2026,5,31,33,61,68,71,72,87,18
2026-01-10,2026,6,11,19,24,66,82,88,58,48
2026-01-12,2026,7,1,11,40,73,75,81,70,22
2026-01-13,2026,8,20,29,56,68,72,74,35,50
2026-01-15,2026,9,44,49,60,69,73,85,36,1
2026-01-16,2026,10,14,21,24,52,80,86,57,14
2026-01-17,2026,11,3,7,41,56,65,83,79,82
2026-01-20,2026,12,8,13,25,60,72,74,78,34
2026-01-22,2026,13,2,30,52,56,57,78,59,25
2026-01-23,2026,14,2,6,11,19,88,90,69,52
2026-01-24,2026,15,22,37,55,61,68,71,21,18
2026-01-27,2026,16,11,19,27,31,54,84,38,37
2026-01-29,2026,17,29,30,34,56,66,80,88,11
2026-01-30,2026,18,32,33,39,40,52,86,63,16
2026-01-31,2026,19,2,6,7,33,37,80,11,80
2026-02-03,2026,20,11,16,17,41,42,46,70,57
2026-02-05,2026,21,6,8,26,27,57,90,41,30
2026-02-06,2026,22,6,8,17,31,36,75,90,82
2026-02-07,2026,23,4,7,12,30,69,81,41,67
2026-02-10,2026,24,1,15,29,39,63,83,73,21
2026-02-12,2026,25,5,11,35,52,80,85,66,29
2026-02-13,2026,26,1,52,57,71,76,83,37,3
2026-02-14,2026,27,5,23,40,47,80,85,6,47
2026-02-17,2026,28,16,21,42,45,52,88,58,21
2026-02-19,2026,29,20,39,40,43,76,90,53,53
2026-02-20,2026,30,30,34,41,42,49,83,64,77
2026-02-21,2026,31,49,58,60,66,68,81,75,58
2026-02-24,2026,32,4,18,23,26,45,87,82,29
2026-02-26,2026,33,18,30,36,52,67,72,69,47
2026-02-27,2026,34,10,14,49,55,71,79,80,36
2026-02-28,2026,35,14,17,33,63,64,80,15,27
2026-03-03,2026,36,4,16,42,48,56,68,26,83
2026-03-05,2026,37,7,23,39,62,63,78,22,35
2026-03-06,2026,38,4,17,22,37,50,88,20,2
2026-03-07,2026,39,3,12,18,40,45,69,5,49
2026-03-10,2026,40,8,34,42,47,55,83,4,42
2026-03-12,2026,41,8,24,25,62,63,64,43,54
2026-03-13,2026,42,3,11,13,20,53,61,88,43
2026-03-14,2026,43,3,6,33,63,88,89,18,87
2026-03-17,2026,44,2,13,16,41,53,56,60,6
2026-03-19,2026,45,19,39,45,54,62,89,42,45
2026-03-20,2026,46,14,32,45,51,54,87,61,50
2026-03-21,2026,47,9,26,33,49,51,55,50,4
2026-03-24,2026,48,6,54,60,64,74,87,10,65
2026-03-26,2026,49,24,26,39,69,77,80,82,3
2026-03-27,2026,50,6,22,27,43,58,64,10,74
2026-03-28,2026,51,9,45,62,67,68,81,36,54
2026-03-31,2026,52,1,3,39,46,47,61,25,67
2026-04-02,2026,53,18,24,25,32,36,63,40,80
2026-04-03,2026,54,28,52,53,64,66,72,44,6
2026-04-04,2026,55,8,21,29,46,60,81,42,80
2026-04-07,2026,56,10,16,18,47,50,59,7,60
2026-04-09,2026,57,2,30,38,63,74,84,19,82
2026-04-10,2026,58,3,10,13,17,58,90,32,7
2026-04-11,2026,59,19,28,38,48,77,85,59,57
2026-04-14,2026,60,3,5,20,27,35,66,17,6
2026-04-16,2026,61,9,11,12,38,44,54,60,39
2026-04-17,2026,62,13,27,45,53,57,84,34,63
2026-04-18,2026,63,11,22,28,33,68,77,9,70
2026-04-21,2026,64,18,19,40,43,56,77,6,65
2026-04-23,2026,65,18,24,28,35,56,58,72,57
2026-04-24,2026,66,6,13,33,37,68,82,56,20
2026-04-27,2026,67,40,57,62,64,85,87,23,56
2026-04-28,2026,68,29,42,43,47,57,60,27,30
2026-04-30,2026,69,6,7,15,44,52,58,,16
2026-05-02,2026,70,7,58,60,79,84,86,,19
2026-05-04,2026,71,3,14,31,46,61,63,,24
2026-05-05,2026,72,24,34,45,55,81,87,,52
2026-05-07,2026,73,1,34,48,66,69,73,,58
2026-05-08,2026,74,8,16,41,47,51,90,,69
2026-05-09,2026,75,9,27,30,42,43,62,,11
2026-05-12,2026,76,2,28,31,57,58,59,,2
2026-05-14,2026,77,31,56,72,74,84,85,,34
2026-05-15,2026,78,5,13,17,28,47,68,,19
2026-05-16,2026,79,7,12,60,69,89,90,,36
2026-05-19,2026,80,49,57,61,73,79,86,,38
2026-05-21,2026,81,1,38,57,58,64,81,,50
2026-05-22,2026,82,5,17,65,71,83,87,,88
2026-05-23,2026,83,14,29,34,57,59,69,,16
2026-05-26,2026,84,7,10,35,41,45,61,,45
2026-05-28,2026,85,22,33,36,74,78,86,,34
2026-05-29,2026,86,9,42,44,46,85,90,,20
2026-05-30,2026,87,8,13,21,39,63,71,,56
2026-06-04,2026,88,12,33,43,55,74,75,,59
2026-06-05,2026,89,9,25,51,63,73,89,,40
2026-06-06,2026,90,2,7,29,68,72,89,,38
2026-06-08,2026,91,28,33,51,59,82,87,,87
2026-06-09,2026,92,18,36,47,55,73,80,,54
2026-06-11,2026,93,7,21,22,40,44,87,,83
2026-06-12,2026,94,18,24,42,68,75,83,,20
2026-06-13,2026,95,13,23,34,68,87,90,,54
2026-06-16,2026,96,4,28,33,35,66,80,,72
2026-06-18,2026,97,4,26,39,43,70,87,,57
2026-06-19,2026,98,14,18,25,69,81,89,,69
2026-06-20,2026,99,14,59,69,71,82,89,,3
2026-06-23,2026,100,1,12,17,27,66,84,,4
2026-06-25,2026,101,25,27,54,72,73,76,,80
2026-06-26,2026,102,1,22,30,45,73,76,,49
2026-06-27,2026,103,15,19,36,47,85,90,,62
2026-06-30,2026,104,1,7,51,64,78,83,,66
2026-07-02,2026,105,4,17,19,23,47,59,,82
2026-07-03,2026,106,22,26,30,40,68,86,,48
2026-07-04,2026,107,2,37,55,62,72,76,,75
2026-07-07,2026,108,3,16,30,53,55,79,,66
2026-07-09,2026,109,9,17,20,31,40,79,,47
2026-07-10,2026,110,2,3,12,28,63,82,,79
2026-07-11,2026,111,6,7,10,47,49,61,,62
2026-07-14,2026,112,8,44,49,80,85,88,,64
2026-07-16,2026,113,1,15,21,46,52,67,,76
2026-07-17,2026,114,7,34,45,64,65,76,,90
2026-07-18,2026,115,1,28,52,62,79,86,,31
2026-07-21,2026,116,13,14,15,29,38,63,,49
2026-07-23,2026,117,2,12,22,34,70,74,,8
2026-07-24,2026,118,20,40,53,61,74,79,11,30
